"DESCRIPTION","DURATION IN MS","NAME","PARENT SUITE","START TIME","STATUS","STOP TIME","SUB SUITE","SUITE","TEST CLASS","TEST METHOD"
"","60164","cart page total cannot be decreased by invalid coupon code","","Sun Aug 24 04:45:36 UTC 2025","broken","Sun Aug 24 04:46:36 UTC 2025","","","",""
"","60164","home page shows product price -- @1.12 ","","Sun Aug 24 05:05:39 UTC 2025","broken","Sun Aug 24 05:06:39 UTC 2025","","","",""
"","60158","home page shows product price -- @1.3 ","","Sun Aug 24 04:56:38 UTC 2025","broken","Sun Aug 24 04:57:38 UTC 2025","","","",""
"","60160","home page shows product price -- @1.6 ","","Sun Aug 24 04:59:38 UTC 2025","broken","Sun Aug 24 05:00:38 UTC 2025","","","",""
"","60161","checkout page has elements","","Sun Aug 24 04:48:36 UTC 2025","broken","Sun Aug 24 04:49:37 UTC 2025","","","",""
"","60160","cart page points to checkout page","","Sun Aug 24 04:46:36 UTC 2025","broken","Sun Aug 24 04:47:36 UTC 2025","","","",""
"","60165","home page shows product price -- @1.2 ","","Sun Aug 24 04:55:37 UTC 2025","broken","Sun Aug 24 04:56:38 UTC 2025","","","",""
"","60163","home page shows product price -- @1.1 ","","Sun Aug 24 04:54:37 UTC 2025","broken","Sun Aug 24 04:55:37 UTC 2025","","","",""
"","60161","home page product list can be sorted","","Sun Aug 24 05:07:39 UTC 2025","broken","Sun Aug 24 05:08:40 UTC 2025","","","",""
"","60161","home page shows product price -- @1.11 ","","Sun Aug 24 05:04:39 UTC 2025","broken","Sun Aug 24 05:05:39 UTC 2025","","","",""
"","60162","home page shows products on sale","","Sun Aug 24 05:06:39 UTC 2025","broken","Sun Aug 24 05:07:39 UTC 2025","","","",""
"","60162","home page has search function","","Sun Aug 24 05:12:40 UTC 2025","broken","Sun Aug 24 05:13:40 UTC 2025","","","",""
"","60161","checkout page points to order received page","","Sun Aug 24 04:50:37 UTC 2025","broken","Sun Aug 24 04:51:37 UTC 2025","","","",""
"","60164","home page shows product price -- @1.5 ","","Sun Aug 24 04:58:38 UTC 2025","broken","Sun Aug 24 04:59:38 UTC 2025","","","",""
"","60164","home page shows product price -- @1.9 ","","Sun Aug 24 05:02:39 UTC 2025","broken","Sun Aug 24 05:03:39 UTC 2025","","","",""
"","60160","home page shows product price -- @1.7 ","","Sun Aug 24 05:00:38 UTC 2025","broken","Sun Aug 24 05:01:38 UTC 2025","","","",""
"","60162","checkout page shows payment options","","Sun Aug 24 04:52:37 UTC 2025","broken","Sun Aug 24 04:53:37 UTC 2025","","","",""
"","60162","checkout page input field shows whether entered billing info is valid","","Sun Aug 24 04:49:37 UTC 2025","broken","Sun Aug 24 04:50:37 UTC 2025","","","",""
"","60160","cart page item quantity cannot be decreased to negative value","","Sun Aug 24 04:43:36 UTC 2025","broken","Sun Aug 24 04:44:36 UTC 2025","","","",""
"","60162","home page shows product price -- @1.4 ","","Sun Aug 24 04:57:38 UTC 2025","broken","Sun Aug 24 04:58:38 UTC 2025","","","",""
"","60161","home page shows product price -- @1.8 ","","Sun Aug 24 05:01:38 UTC 2025","broken","Sun Aug 24 05:02:39 UTC 2025","","","",""
"","60166","cart page item quantity can be decreased","","Sun Aug 24 04:42:35 UTC 2025","broken","Sun Aug 24 04:43:36 UTC 2025","","","",""
"","60165","cart page item can be deleted from cart","","Sun Aug 24 04:44:36 UTC 2025","broken","Sun Aug 24 04:45:36 UTC 2025","","","",""
"","60164","home page shows product price -- @1.10 ","","Sun Aug 24 05:03:39 UTC 2025","broken","Sun Aug 24 05:04:39 UTC 2025","","","",""
"","60162","home page has pagination","","Sun Aug 24 05:08:40 UTC 2025","broken","Sun Aug 24 05:09:40 UTC 2025","","","",""
"","60161","home page shows cart details","","Sun Aug 24 05:13:40 UTC 2025","broken","Sun Aug 24 05:14:41 UTC 2025","","","",""
"","60160","cart page points to product details page","","Sun Aug 24 04:47:36 UTC 2025","broken","Sun Aug 24 04:48:36 UTC 2025","","","",""
"","60165","home page points to product details page","","Sun Aug 24 05:09:40 UTC 2025","broken","Sun Aug 24 05:10:40 UTC 2025","","","",""
"","60165","cart page item quantity can be increased","","Sun Aug 24 04:41:35 UTC 2025","broken","Sun Aug 24 04:42:35 UTC 2025","","","",""
"","60160","home page points to cart page","","Sun Aug 24 05:10:40 UTC 2025","broken","Sun Aug 24 05:11:40 UTC 2025","","","",""
"","69197","cart page shows details","","Sun Aug 24 04:40:26 UTC 2025","broken","Sun Aug 24 04:41:35 UTC 2025","","","",""
"","60157","home page can add product to cart","","Sun Aug 24 05:11:40 UTC 2025","broken","Sun Aug 24 05:12:40 UTC 2025","","","",""
"","60170","home page shows a list of products","","Sun Aug 24 04:53:37 UTC 2025","broken","Sun Aug 24 04:54:37 UTC 2025","","","",""
"","60161","checkout page shows price details","","Sun Aug 24 04:51:37 UTC 2025","broken","Sun Aug 24 04:52:37 UTC 2025","","","",""
